[{"outputType":{"type":"APK"},"apkData":{"type":"FULL_SPLIT","splits":[{"filterType":"ABI","value":"armeabi-v7a"}],"versionCode":202007301,"versionName":"1.0","enabled":true,"filterName":"armeabi-v7a","outputFile":"雨木科技.apk","fullName":"armeabi-v7aDebug","baseName":"armeabi-v7a-debug"},"path":"雨木科技.apk","properties":{}},{"outputType":{"type":"APK"},"apkData":{"type":"FULL_SPLIT","splits":[{"filterType":"ABI","value":"x86"}],"versionCode":202007301,"versionName":"1.0","enabled":true,"filterName":"x86","outputFile":"雨木科技.apk","fullName":"x86Debug","baseName":"x86-debug"},"path":"雨木科技.apk","properties":{}},{"outputType":{"type":"APK"},"apkData":{"type":"FULL_SPLIT","splits":[{"filterType":"ABI","value":"x86_64"}],"versionCode":202007301,"versionName":"1.0","enabled":true,"filterName":"x86_64","outputFile":"雨木科技.apk","fullName":"x86_64Debug","baseName":"x86_64-debug"},"path":"雨木科技.apk","properties":{}},{"outputType":{"type":"APK"},"apkData":{"type":"FULL_SPLIT","splits":[],"versionCode":202007301,"versionName":"1.0","enabled":true,"filterName":"universal","outputFile":"雨木科技.apk","fullName":"universalDebug","baseName":"universal-debug"},"path":"雨木科技.apk","properties":{}}]